time,ax (m/s^2),EMA ax (m/s^2),ay (m/s^2),EMA ay (m/s^2),az (m/s^2),EMA az (m/s^2),aT (m/s^2),EMA aT (m/s^2)
0.001726,0.0827,0.0827,-0.1503,-0.1503,0.0667,0.0667,0.18,0.18
0.026919,0.1732,0.08711463414634146,-0.0541,-0.14560731707317073,-0.1649,0.05540243902439024,0.25,0.18341463414634146
0.035387,0.2143,0.0933187983343248,-0.0794,-0.14237769185008922,-0.1048,0.047587685901249246,0.25,0.1866627007733492
0.044573,0.2502,0.10097153987899188,-0.1074,-0.14067146297935315,-0.2905,0.031095603662163913,0.4,0.19706939829660047
0.053811,0.1636,0.104026586714163,-0.1034,-0.13885334283401884,-0.4668,0.006808013239619333,0.51,0.21233430569676628
0.058908,0.0332,0.10057163126469162,-0.0721,-0.13559708220796915,-0.4259,-0.01429969472328893,0.43,0.22295214444326547
0.069685,-0.0602,0.09272911266641398,-0.045,-0.13117771234416578,-0.3357,-0.029977758395323618,0.34,0.2286617959338379
0.079264,-0.1007,0.08329354619488159,-0.0292,-0.12620318979079184,-0.2394,-0.04019347749799076,0.26,0.23019048881511409
0.088693,-0.0797,0.07534264150244833,-0.0801,-0.12395425370343613,-0.1369,-0.044910868839552184,0.18,0.22774217228754753
0.097764,0.0102,0.07216495167306061,-0.1134,-0.12343941205936607,-0.0494,-0.0451298508473789,0.12,0.22248645656620375
0.112263,0.0543,0.07129349061583815,-0.1479,-0.1246326114711043,0.0043,-0.04271863861092139,0.16,0.219438336733706
0.115661,0.0525,0.07037673497604116,-0.1349,-0.12513345969202602,0.0486,-0.03826407087380328,0.15,0.21605110079547643
0.122991,0.0476,0.06926567473330744,-0.1354,-0.12563426653631743,0.0907,-0.03197314058727629,0.17,0.21380470563472148
0.133381,0.0829,0.06993076377070707,-0.1621,-0.12741308280283853,0.0304,-0.02893054836350671,0.18,0.21215569560375946
0.16426,0.0758,0.07021706797701405,-0.1267,-0.1273782982758708,0.1119,-0.022060765516506382,0.19,0.21107492996455168
0.176115,0.1069,0.07200647929520848,-0.0541,-0.12380374714046245,0.068,-0.01766755744253046,0.14,0.2076078602101833
0.194041,0.0942,0.07308909006129587,-0.131,-0.12415478386531795,0.0023,-0.0166935302502119,0.16,0.2052855255657841
0.197801,0.0853,0.0736847442046473,-0.1502,-0.1254252822133512,-0.0331,-0.017493845847762538,0.18,0.20405208529428245
0.208052,0.0589,0.07296353717027425,-0.1285,-0.12557526844684624,-0.0782,-0.020455121660066803,0.16,0.20190320308480525
0.216821,0.0686,0.07275068169855355,-0.104,-0.12452281632748789,-0.0635,-0.02255487182299037,0.14,0.19888353464164402
0.228546,0.0627,0.07226040454252654,-0.0942,-0.12304365455541531,-0.0583,-0.024298536612112794,0.13,0.19552336222010042
0.23757,0.0864,0.07295014090630572,-0.14,-0.12387079335759017,-0.0793,-0.02698153482615607,0.18,0.1947661250386321
0.247275,0.0994,0.07424037793526642,-0.1366,-0.124491730266976,-0.0522,-0.028211703859026504,0.18,0.19404582625625982
0.256509,0.1307,0.07699450584086318,-0.0905,-0.12283359708322107,-0.061,-0.02981113293907399,0.17,0.19287285912180813
0.264422,0.1379,0.07996550555594302,-0.0755,-0.12052464112794199,-0.0698,-0.03176180938107038,0.17,0.19175710989635408
0.274571,0.1274,0.0822793833337019,-0.0919,-0.1191283171704814,0.0006,-0.030183184533213288,0.16,0.1902079825843368
0.292623,0.0679,0.08157795000035058,-0.0784,-0.11714156999143352,-0.0505,-0.031174248702324832,0.12,0.18678320294607648
0.309545,0.0399,0.07954487926862615,-0.0934,-0.11598344462599773,-0.0643,-0.0327901390095285,0.12,0.1835254857291947
0.311331,0.0638,0.07877683637747365,-0.0955,-0.11498425220521735,-0.0806,-0.03512232735052711,0.14,0.18140229130338031
0.327322,0.1007,0.07984625899320665,-0.1561,-0.11698989843910919,-0.102,-0.03838465284562334,0.21,0.18279730148370324
0.331044,0.1041,0.0810293683106112,-0.1586,-0.11901965949085995,-0.1451,-0.04359027953608074,0.24,0.18558767702108356
0.33989,0.1025,0.08207671619789846,-0.0837,-0.11729674927179361,-0.0973,-0.04621026590017436,0.16,0.18433949765420143
0.349895,0.0983,0.08286809589556193,-0.0583,-0.11441885906341343,-0.0952,-0.04860000902699512,0.15,0.182664400207655
0.358635,0.1052,0.08395745707138817,-0.049,-0.11122769520666155,-0.0094,-0.046687813464702674,0.12,0.1796076001975255
0.368122,0.1103,0.08524245916546679,-0.0773,-0.10957268568438538,0.0786,-0.0405762128078879,0.16,0.17865113189520718
0.38525,0.1126,0.08657697335251718,-0.1293,-0.1105349936997812,0.0923,-0.034094446329454346,0.19,0.1792047352173922
0.387099,0.1024,0.08734882831093098,-0.1574,-0.11282109156808455,0.087,-0.02818740016704194,0.21,0.1807069432555682
0.40259,0.1368,0.08976108058844653,-0.1358,-0.113942013930617,0.0458,-0.024578258695478916,0.2,0.18164806797480876
0.406502,0.1469,0.09254834494998572,-0.1029,-0.11340337910473323,0.0167,-0.022564685100577502,0.18,0.181567674415062
0.416192,0.184,0.09700940129388884,-0.0589,-0.11074467768499015,0.0189,-0.020542017534695672,0.19,0.18197900737042483
0.425259,0.2192,0.10296991830394304,-0.0393,-0.10725957145645404,0.0548,-0.01686679716714954,0.23,0.18432149481576995
0.434679,0.2071,0.1080494344842385,-0.0796,-0.10591032406833432,0.0571,-0.013258660719971513,0.23,0.18654971458085434
0.450583,0.1847,0.1117884864606171,-0.1156,-0.10638299118695216,0.0715,-0.009124091904363146,0.23,0.18866924069886146
0.4684,0.3744,0.12459880419424553,-0.0408,-0.10318382088514962,0.5921,0.02020391257877652,0.7,0.21361220456720967
0.472188,0.5413,0.14492569179452625,0.0098,-0.09767241498831304,0.9318,0.06467201440420206,1.08,0.2558750238566141
0.485892,0.8299,0.17833907268259813,-0.1078,-0.0981664435254685,1.2948,0.12467825760399709,1.54,0.3185152665953158
0.491547,0.9823,0.2175566788932031,-0.2553,-0.10583149506081149,1.4227,0.18799639137941188,1.75,0.3883437901760321
0.50065,0.9469,0.2531344018740224,-0.2045,-0.11064459286272312,1.3685,0.245581933263343,1.68,0.4513514101674452
0.510262,0.7984,0.2797327237338262,-0.1651,-0.11330095418649272,1.1922,0.2917584243236677,1.44,0.499578170647082
0.526066,0.5945,0.295087225015103,-0.1835,-0.11672529788471257,0.8957,0.32121898899080586,1.09,0.5283792354935658
0.529159,0.4205,0.30120492135582966,-0.2364,-0.12256308823179976,0.5244,0.33113025782052263,0.71,0.5372387849816845
0.543669,0.2791,0.3001266325092038,-0.2803,-0.13025757173268757,0.1735,0.32344097695122886,0.43,0.5320076247386756
0.547875,0.1965,0.29507167482582797,-0.3361,-0.14029866579450767,-0.1385,0.300907270758486,0.41,0.5260560332880084
0.561252,0.1722,0.28907793459042175,-0.3632,-0.15117190160940974,-0.4312,0.2651947209653891,0.59,0.5291752511763983
0.567331,0.1411,0.2818594987567426,-0.2953,-0.15820254055529218,-0.6142,0.2222974175036628,0.7,0.5375081657531594
0.57704,0.0466,0.27038342564665757,-0.1705,-0.15880241662576572,-0.8528,0.16985364104006948,0.87,0.5537272796188589
0.592096,0.0572,0.2599842341516987,-0.1166,-0.1567437621562162,-1.0228,0.11167541464787095,1.03,0.5769600952472073
0.595523,0.0661,0.2505264666321036,-0.1107,-0.15449772497786415,-1.1342,0.050901004177243095,1.14,0.6044254564546605
0.609479,0.053,0.2408910292354156,-0.1702,-0.15526368961309028,-1.0272,-0.001689288709451689,1.04,0.6256729951641893
0.6167,0.0118,0.22971585707759043,-0.2399,-0.1593922901197688,-0.8767,-0.04437273804069795,0.91,0.6395426051561801
0.627247,-0.0859,0.21431996161039088,-0.2737,-0.16496827596758495,-0.5673,-0.06988138496554196,0.64,0.639564917099781
0.636536,-0.393,0.18469459762939622,-0.2513,-0.16917957957892227,-0.4043,-0.08619448813795455,0.62,0.6386105308997917
0.645979,-0.9431,0.1296802270133281,-0.0488,-0.1633074049653163,-0.3076,-0.09699475700927385,0.99,0.655751480611997
0.655101,-1.8774,0.03177387447609256,0.3193,-0.13976558033286182,-0.1877,-0.10141940300882146,1.91,0.7169343352162897
0.664307,-2.0285,-0.06872729013249734,0.4795,-0.10955750324345392,0.4673,-0.07367699310595212,2.14,0.7863521725228121
0.680266,-0.1692,-0.07362839793091211,-0.0726,-0.10775469820718787,1.4057,-0.001512261734930062,1.42,0.8172618226436504
0.690076,0.3144,-0.05470018339769688,-0.1406,-0.10935690805073968,1.4229,0.06797126322774945,1.46,0.8486149044659113
0.699993,0.4775,-0.028739198841711666,-0.1073,-0.10925657107265482,1.0631,0.1165141284361519,1.17,0.8642922261992814
0.708843,0.4288,-0.006420213532359876,-0.1427,-0.11088795784959848,0.558,0.13805002460999816,0.72,0.8572535810188286
0.718214,1.3185,0.05821004078629183,-0.3596,-0.12302025258864246,0.1448,0.13837929170219335,1.37,0.8822656014569346
0.736313,1.8773,0.14694613635769221,-0.3182,-0.13254121587700138,-0.2677,0.118570545765501,1.92,0.932886791629767
0.73703,1.4832,0.212129251657317,-0.2199,-0.13680261998056228,-0.584,0.08429881182572045,1.61,0.9659167042331929
0.754323,0.4942,0.22588880035696007,-0.264,-0.1430073702254129,-0.8027,0.04103057710251457,0.98,0.9666036942705981
0.756231,-0.0948,0.2102454442419864,-0.2677,-0.1490899375314903,-0.9048,-0.005107499829315416,0.95,0.9657937579647152
0.766099,-0.491,0.1760383494009139,-0.2379,-0.15342213570068589,-0.8702,-0.04730713398398296,1.03,0.9689257697713145
0.775187,-0.6893,0.1338267226008693,-0.2086,-0.15611373883723778,-0.6476,-0.07658971281403257,0.97,0.9689781712458845
0.784568,-0.6036,0.09785468735204642,-0.3415,-0.16515697108907984,1.0571,-0.02128777560359195,1.26,0.9831743580143779
0.803417,-1.1342,0.037754458700727064,0.4767,-0.133846874938393,-0.8698,-0.06267861581805088,1.51,1.0088731698185545
0.81916,-1.2405,-0.02459941733345474,0.4307,-0.1063080029901787,-0.9259,-0.1047869760220484,1.61,1.0381964298274053
0.827465,-0.4701,-0.04633115307328622,-0.0451,-0.10332224674675534,-0.4148,-0.11990956255755822,0.63,1.0182844088602148
0.837032,-0.1209,-0.0499686578014186,-0.2151,-0.10877482007618192,-0.7608,-0.1511725107254822,0.8,1.007636388915814
0.84666,-0.0681,-0.05085311351842257,-0.3175,-0.1189565361700267,-1.1523,-0.200007998007166,1.2,1.0170199797004085
0.856152,0.1346,-0.04180662017606049,-0.7075,-0.1476659734300254,-0.7525,-0.2269588273726701,1.04,1.0181409563003885
0.865528,-0.5774,-0.06793312650893558,-0.6319,-0.17128714545782903,-0.6894,-0.24951693335449104,1.1,1.0221340803832963
0.87494,-1.2577,-0.12597053497191435,-0.0867,-0.16716094324037392,-0.975,-0.2849063512396378,1.59,1.0498348569499647
0.884475,-1.5099,-0.1934792893635283,0.0958,-0.15433358015547763,-0.1802,-0.2797987243498994,1.52,1.0727697419767956
0.893706,-1.4972,-0.25707542158969765,0.0649,-0.1436392591722836,0.5335,-0.24012561584502626,1.59,1.0980004862706105
0.903179,-0.9801,-0.2923449132194685,-0.0393,-0.13854953921266,0.9632,-0.18142680531600058,1.37,1.1112687552330198
0.912413,0.1595,-0.27030369794047,-0.1369,-0.13846907388521318,0.9596,-0.12576696115424446,0.98,1.104865401319214
0.921849,0.8349,-0.21639132243117876,0.0145,-0.13100716784203204,0.6783,-0.08654418256135447,1.08,1.1036524549133988
0.931349,0.9817,-0.15794784328819442,0.2338,-0.11321169623998169,0.6284,-0.05166885658275182,1.19,1.1078645302834769
0.940618,0.7745,-0.11246258263998979,0.4619,-0.08515746715510453,0.6768,-0.016133790407983434,1.13,1.108944309294039
0.950419,-0.1575,-0.11465952982828297,0.8852,-0.0378229565621726,1.0419,0.03547761400216211,1.38,1.1221665381089638
0.954822,-1.3052,-0.1727346747147082,1.3169,0.028261090099396792,1.5167,0.10773236453864199,2.4,1.1844998777134044
0.96666,-2.1091,-0.2671915198505761,1.6929,0.10946298814332867,2.6071,0.22965273700017164,3.76,1.3101340300200675
0.983287,-4.3718,-0.4674163237603041,0.4585,0.1264891838436541,4.6528,0.4454160181221145,6.4,1.5584201748971374
0.992651,-4.6819,-0.6730008933329722,1.4173,0.1894555651195734,5.3978,0.6869957245551821,7.28,1.837521629780204
1.002228,-6.6943,-0.9667228009752662,3.6007,0.35585773267471615,3.4117,0.819908128235417,8.33,2.154227891742145
1.018887,-7.9527,-1.3075021765374484,5.5592,0.6096793066905837,-0.8368,0.7390930975897869,9.74,2.524265555559601
1.021141,-8.2443,-1.645882558169768,7.5729,0.9493486088032381,-2.3797,0.5869568489268704,11.44,2.9591794308981574
1.031863,-9.7348,-2.0404638967956332,6.0648,1.1988828230079582,-0.4479,0.5364760270279986,11.48,3.374829214756784
1.041727,-8.9482,-2.3774266335373095,3.6333,1.3176348804222042,-2.5106,0.38783817205102294,9.98,3.6970326676954772
1.049703,-7.0565,-2.605674114828173,1.6797,1.3352965935723404,-3.2047,0.21259240756072914,7.93,3.9035188790274047
1.059059,-5.6851,-2.755890011665823,-0.1324,1.263701637788324,-3.7363,0.01996350963093746,6.8,4.044810641026068
1.068513,-4.0395,-2.8185051330479776,-1.7822,1.1151210700913323,-4.6478,-0.20773227132666927,6.41,4.160185731707723
1.078913,-1.7646,-2.767095126557832,-3.4521,0.8923297983795601,-5.2915,-0.4557209410180513,6.56,4.2772498423561265
1.092986,0.2537,-2.6197392667257424,-4.9153,0.6090307838244595,-5.2729,-0.6907052853586342,7.21,4.420310825655827
1.104673,2.493,-2.370337351275706,-5.7489,0.29888781875985176,-5.6155,-0.9309391738777252,8.41,4.614929809770176
1.106076,5.8022,-1.9716769926768911,-6.7636,-0.045623782155263026,-6.428,-1.1990884824690555,10.99,4.925908843439924
1.11584,9.8834,-1.3933805540097257,-8.3327,-0.4498714025379332,-7.7468,-1.5184890442998333,15.07,5.420742558394074
1.125135,13.3143,-0.6759327221068122,-10.1491,-0.9230045048531559,-8.8858,-1.8778700665291097,18.95,6.080706336033387
1.134503,16.0179,0.1384005814105933,-12.4022,-1.4829652607139776,-8.3871,-2.1953934779179334,21.93,6.853842612324442
1.153347,15.966,0.9104786018295887,-13.5663,-2.0723962236059785,-4.3416,-2.300086478995107,21.4,7.563411265381786
1.166132,12.3161,1.4668503773500965,-12.1163,-2.5623427492837356,4.843,-1.9516432361172966,17.94,8.069586325607064
1.177688,8.2683,1.7986284077232626,-8.8023,-2.8667309078552603,2.6465,-1.7273435660627943,12.36,8.27887479752867
1.18183,5.0964,1.9594953146635912,-6.9666,-3.0667245221062234,-0.2678,-1.6561463189377799,8.64,8.296490661063856
1.191562,4.7524,2.0957345676068306,-6.1821,-3.218694057613237,-4.1416,-1.7773879619164248,8.83,8.322515506865619
1.202114,3.1165,2.1455280033333266,-5.0017,-3.305669957241859,-7.3123,-2.047383671091233,9.39,8.374587921164856
1.21061,1.1817,2.0985120031707254,-3.9504,-3.337120203230061,-6.7017,-2.274423492013612,7.87,8.349973876229985
1.219901,-0.8745,1.9534870274062996,-2.4816,-3.29538751038957,-4.9045,-2.4027199070373384,5.57,8.214365394462668
1.232593,-5.9135,1.5697315626547725,0.5952,-3.1056027537852002,-2.7403,-2.419187228645273,6.54,8.13268903375717
1.241853,-10.939,0.9595495352081982,5.5041,-2.6856172536005563,2.7648,-2.1663098028576986,12.55,8.348167617476332
1.251503,-13.8239,0.23840565544194448,9.6405,-2.0843432412297975,7.5911,-1.6903385929622008,18.48,8.842403343453096
1.257767,-16.2192,-0.5644043765308334,12.2847,-1.3834143026332217,7.532,-1.2404684176957521,21.7,9.469603180357822
1.267327,-17.5462,-1.3927846508464024,13.5948,-0.6527697025047718,4.6289,-0.9541577631740081,22.67,10.113524976437928
1.27629,-17.7442,-2.190414667878285,12.3922,-0.016429717016734124,3.2273,-0.7501842137508856,21.88,10.687499367831201
1.285834,-16.8196,-2.9040334645671493,10.2894,0.4862936838133505,2.0905,-0.6116142521045009,19.83,11.1334750084248
1.295397,-13.4709,-3.419490368734605,7.1581,0.8117476504566017,0.6236,-0.5513598983433058,15.27,11.335256715330905
1.312817,-11.5453,-3.815871326357307,4.225,0.9782477650684747,-0.5253,-0.5500886837899738,12.31,11.382805168241592
1.314306,-9.2578,-4.081331261656951,1.8227,1.0194405570163538,-2.3675,-0.6387428943368043,9.73,11.302180525888344
1.325317,-8.2114,-4.282798029381001,-0.1501,0.9623897981375072,-4.6405,-0.833950558027692,9.43,11.210854646576719
1.342649,-2.6459,-4.2029493450209525,-3.0494,0.7666927348137265,-6.503,-1.1104895551970728,7.65,11.037154419914438
1.352138,1.3264,-3.9332249867272475,-5.1348,0.47881504043256895,-6.3043,-1.3638461622606302,8.24,10.900707862845442
1.361986,6.9267,-3.403472548350308,-8.4678,0.04239479455780942,-7.3201,-1.6543951299552335,13.16,11.010917235389567
1.378636,13.2399,-2.5916007167234634,-12.1942,-0.554512268591352,-7.3187,-1.9307026845915634,19.43,11.421604199516905
1.380438,18.598,-1.5579616573710995,-14.498,-1.2346824018307982,-4.1493,-2.0389269438797797,23.94,12.032257653199007
1.39102,19.2467,-0.5431001131090945,-15.1871,-1.9152881383268567,0.0821,-1.9354622149100342,24.52,12.641415816457592
1.400463,16.3257,0.27976818509134926,-14.1986,-2.514474082798717,4.6975,-1.6119030824753982,22.14,13.104761386386489
1.410191,12.5966,0.8805892492332348,-12.2425,-2.9890119324182916,6.7493,-1.204039517476598,18.82,13.38355351387983
1.419065,9.5238,1.3022092858560037,-10.2036,-3.3409430576661796,6.5772,-0.8244668580874956,15.43,13.48338017173935
1.428313,8.1976,1.6385698084971743,-9.5489,-3.6437702255849027,4.2265,-0.5780782308637153,13.28,13.473459187752065
1.437227,6.633,1.8822005495460925,-9.7448,-3.941381434092956,-0.7154,-0.5847768537484122,11.81,13.392314837130012
1.453344,3.6155,1.9667517422511611,-8.7457,-4.175738437307934,-2.9021,-0.6978170072240993,9.9,13.221958015806596
1.456161,0.2867,1.8847979987267143,-6.2853,-4.278643879390474,-2.0053,-0.7615966654082896,6.6,12.898935673572128
1.466094,-5.3027,1.5341883402522403,-2.0529,-4.1700710072250855,-0.5889,-0.7531724378273975,5.72,12.548743689495439
1.476535,-10.7517,0.9348767138984725,4.0141,-3.7708431532141056,1.8436,-0.6265006115919147,11.62,12.503439119276148
1.484653,-12.8566,0.26212175224488843,9.3381,-3.1313825115939053,5.0239,-0.35087131346547984,16.67,12.706685991506578
1.50387,-14.3012,-0.4482841868890086,12.4743,-2.3701297061503,5.7098,-0.055228810369602754,19.82,13.05367691875016
1.516586,-12.9511,-1.0581776411871058,10.6072,-1.7370892326795535,3.1309,0.10019210720940228,17.03,13.247643898323322
1.529441,-11.1641,-1.5511494635682226,8.2059,-1.2520653676707947,0.6918,0.12905102880894362,13.87,13.278002732551451
1.532205,-9.5827,-1.9429324165648947,5.8846,-0.9039353497356338,-2.2379,0.013590003013385393,11.47,13.189807477305038
1.543166,-8.356,-2.2557649816105094,3.7724,-0.6758214302363346,-4.8091,-0.2216631678653163,10.35,13.051280283290158
1.561293,-7.3623,-2.5048642508002406,1.9414,-0.5481520921760256,-5.8589,-0.4966503304084716,9.61,12.883412952397954
1.561724,-6.9098,-2.7197391653953504,0.7325,-0.48568125841134135,-6.5474,-0.791808850876351,9.55,12.720807442524883
1.570392,-6.5496,-2.9065616451321623,0.4704,-0.43904314824493446,-6.2382,-1.0574864679067728,9.06,12.542231469718791
1.585086,-5.9542,-3.055226930735471,0.3937,-0.39842153125737667,-6.289,-1.312682249960101,8.67,12.353342129732509
1.589158,-4.869,-3.1437036658215454,0.21,-0.368742432171651,-6.3739,-1.5595709206937547,8.02,12.141959586818727
1.600047,-2.7293,-3.1234888528546403,-0.0521,-0.3532964598705948,-6.0575,-1.7789820952940594,6.64,11.873571314290984
1.6102,-0.6464,-3.002655250276365,-0.5441,-0.3626039496330048,-5.5691,-1.9638658955236175,5.63,11.569006859935326
1.61769,0.9185,-2.811379384409225,-0.9179,-0.38969156184602893,-5.0377,-2.1138090225712456,5.2,11.258323598475066
1.626507,2.5878,-2.5480047802917016,-1.7745,-0.45724319297549093,-4.7552,-2.2426573629336235,5.7,10.987185861964086
1.636146,4.9972,-2.1799460105213746,-3.7082,-0.6158264518547353,-4.2988,-2.3429570037661294,7.56,10.820006063819497
1.645592,8.3687,-1.665377912447161,-6.2347,-0.8899178444471872,-4.2986,-2.4383542230946107,11.29,10.842932597291716
1.662233,11.0421,-1.045500941108275,-8.2271,-1.2478291691083,-3.5626,-2.4931954805046295,14.22,11.007667592545777
1.664332,12.3531,-0.3919106512981152,-9.6211,-1.6562814047615537,-0.8443,-2.4127615546263548,15.68,11.235586246567935
1.675319,12.4734,0.2356654780335002,-10.0172,-2.064131092334161,2.8631,-2.155402454400679,16.25,11.480191795515841
1.686145,11.8234,0.8009208205684514,-9.8878,-2.445773478073958,4.3086,-1.8400852615030847,16.0,11.700670244515068
1.702446,8.2469,1.1641393171260879,-9.2005,-2.7752723328020577,4.4925,-1.531178663380983,13.15,11.771369256977747
1.711644,5.8504,1.392737399217498,-7.4784,-3.004693194616591,5.709,-1.1779992163867885,11.08,11.737643927369076
1.728204,2.0538,1.4249843553532298,-5.6187,-3.1322057217084645,7.6508,-0.7473260838801158,9.71,11.638734467497414
1.731659,-1.1076,1.3014436550920967,-3.2126,-3.1361273938202467,9.4422,-0.250276031007915,10.04,11.560747420302418
1.741998,-4.6397,1.011631769477848,-0.6735,-3.0159992282680395,10.6607,0.2819667022119834,11.65,11.565101204677909
1.751324,-7.9474,0.5746058295033188,1.9364,-2.7744187781086227,12.7251,0.8889488142992037,15.13,11.738998706888742
1.760737,-10.0366,0.05698603294218124,4.2996,-2.429344691371617,11.7597,1.419229359943145,16.05,11.949291452894169
1.769153,-11.0569,-0.48515474915255935,5.3395,-2.050376657646172,8.0012,1.7403010984825038,14.66,12.081521138118843
1.777865,-11.8213,-1.0381374443158493,6.9091,-1.6133290158097733,4.1297,1.856857142458967,14.3,12.189739619186216
1.787495,-11.8314,-1.564638056788247,8.3314,-1.1282202833312476,1.378,1.8334982574609686,14.54,12.30438646703079
1.804826,-11.4413,-2.046426444261991,8.2566,-0.6704241719492354,-0.2403,1.7323373668531166,14.11,12.392465175956117
1.8063,-11.0848,-2.487322715273601,7.4718,-0.27324250502488245,-2.1272,1.544067251396867,13.54,12.448442484446062
1.817112,-10.5358,-2.879931363309035,6.6088,0.0624668854641362,-4.9628,1.2266590927921417,13.39,12.49437211935113
1.827215,-10.4355,-3.2484956870500574,5.8954,0.3470002081244223,-8.1259,0.7704366980217934,14.48,12.591232015968147
1.834963,-10.342,-3.5945202876817617,5.4008,0.5935270272403042,-10.8273,0.20469344445975468,15.92,12.753610942018481
1.844438,-9.7255,-3.893592468770456,4.7622,0.7968769283505333,-12.8389,-0.43157940648950166,16.8,12.95099577411514
1.863182,-8.8041,-4.1331294215133605,2.5282,0.8813317123334341,-14.1066,-1.0986535817826968,16.82,13.139727687572938
1.875286,-8.0259,-4.323020669244416,1.3892,0.9061057751464373,-11.9352,-1.6272656021835408,14.45,13.203643410130356
1.887242,-7.6798,-4.486766002452006,-0.1283,0.855646956846611,-9.6976,-2.0209404508575144,12.37,13.162977877928874
1.892352,-6.8276,-4.60095302672264,-2.8943,0.6727227150492152,-6.7993,-2.254031160571782,10.06,13.011613103395756
1.901312,-3.9577,-4.569574830297145,-6.3047,0.33236063138827787,-3.4509,-2.3124150063975484,8.2,12.776900269083768
1.911266,-0.6501,-4.378380936136309,-8.9028,-0.1181350091672479,-0.0052,-2.1998679329147413,8.93,12.589246597421145
1.920307,2.5074,-4.042489183154049,-10.508,-0.6249576916468943,4.7653,-1.860103643504266,11.81,12.55123456827865
1.92932,6.9109,-3.5081775156831196,-12.2808,-1.1935353652250946,9.1659,-1.3222498072357651,16.81,12.75897922348457
1.946485,12.2112,-2.741378612479065,-13.7953,-1.8082555913116751,12.6096,-0.6426473776145082,22.33,13.225858285753615
1.948211,17.3179,-1.7628772167483786,-16.7776,-2.538467513686715,18.7659,0.3041110310496141,30.55,14.070938369375389
1.959544,20.5713,-0.673405157394799,-18.6125,-3.3225666593605343,16.0703,1.0731934197789013,32.06,14.948453570869273
1.969511,19.3008,0.30094631369763025,-15.785,-3.930490236952703,11.5175,1.5826717895457842,27.47,15.559260713753698
1.977475,13.5132,0.945446493517258,-11.8695,-4.31775900588184,10.441,2.014785360787453,20.8,15.814906532594982
1.986064,8.1951,1.2990881279798308,-9.3126,-4.561409786082725,12.727,2.537332416358797,17.77,15.91027694563913
1.995728,6.2004,1.5381765119808146,-8.3376,-4.745614186761617,11.4588,2.9725259570242213,15.47,15.88880002146161
2.005019,3.8658,1.6517191211524822,-7.645,-4.887047641065928,8.0879,3.2220563981449906,11.78,15.688370752122017
2.022867,1.1421,1.6268596518279708,-6.3097,-4.956445317111493,4.7381,3.296009744576942,7.97,15.3118648617746
2.037346,-3.3396,1.3845933273485576,-3.1137,-4.86655530164264,0.9257,3.180384878987823,4.66,14.792261697785595
2.042873,-5.2022,1.063286335770579,-0.6271,-4.659752604001535,-0.383,3.006561226354271,5.25,14.326785517405808
2.052992,-7.6647,0.6375309047573801,2.2971,-4.320393940391703,-2.1923,2.752958239702843,8.3,14.032795979971377
2.062136,-10.0876,0.11435378745214192,5.2356,-3.8542478945189376,-3.768,2.434862715814899,11.97,13.932171785826432
2.072083,-12.2141,-0.48703420217967,8.4771,-3.252718728932648,-4.977,2.07330843699466,15.68,14.017431698712947
2.088412,-13.1759,-1.1060032654879788,10.7422,-2.570039766545689,-6.1059,1.674322659580286,18.06,14.214630152434266
2.090123,-13.3262,-1.702110423269053,11.4874,-1.8843109974458991,-7.3128,1.2359264322836867,19.05,14.45050185231552
2.101011,-13.5283,-2.2789977196949525,11.2494,-1.2436421683021968,-9.2296,0.7254129477820435,19.87,14.714867615617202
2.110917,-13.1925,-2.8113636845878816,10.21,-0.6849279161898945,-11.4863,0.12971963325609015,20.25,14.984874073391971
2.118786,-11.6713,-3.2435556999738386,8.219,-0.2505899690586801,-12.5868,-0.4905983976344509,19.03,15.182197289324069
2.13502,-10.7866,-3.6115090804629193,6.1583,0.062038809919792104,-12.6272,-1.082627744091307,17.71,15.305504738625332
2.140874,-10.2376,-3.934733027757411,4.1137,0.25968081919199737,-12.2217,-1.6259971224283163,16.47,15.362309385521657
2.152058,-9.2035,-4.191746050793634,1.6019,0.3251549255728755,-11.4446,-2.104953360358642,14.77,15.333416244764502
2.16323,-7.7619,-4.365899901974433,-1.2786,0.2469229779839547,-10.2512,-2.5023312452191964,12.92,15.215688623068672
2.165846,-6.0078,-4.445992589682997,-3.9263,0.043351125399371554,-8.6606,-2.802734599110943,11.25,15.022240397553126
2.179041,-3.9939,-4.42393929262529,-5.9298,-0.2480221002298661,-6.7658,-2.9960548625689456,9.84,14.769448183038339
2.185046,-1.4376,-4.278264205180154,-7.7308,-0.6130356563162142,-3.7429,-3.0324863326875335,8.71,14.473865344841347
2.19419,2.3587,-3.9545098537079513,-10.4902,-1.0948485511300574,0.6948,-2.850667487190581,10.77,14.293188986556402
2.206989,10.1593,-3.2660313242587824,-14.0606,-1.7273242315627375,10.433,-2.2026837073276253,20.24,14.5832773286756
2.223227,21.1767,-2.0737029669778657,-19.3835,-2.588601098315775,21.5861,-1.0422552337994482,35.92,15.624093068740203
2.235436,22.6089,-0.8696735539545553,-20.7674,-3.4753717764467122,26.0808,0.28082063126393964,40.28,16.82682023611873
2.241782,18.4538,0.07293491209200853,-20.133,-4.287939006863946,26.071,1.5388781614461866,37.76,17.84795095630806
2.252005,13.9849,0.7515673554045934,-16.2682,-4.872341982138875,22.4216,2.5575475194244213,31.03,18.490977738927178
2.262854,8.188,1.1143201673360768,-12.8045,-5.259276519595515,15.8251,3.2047452014037177,21.94,18.659222727272194
2.270434,3.5122,1.231289915270902,-9.716,-5.4766776649811,11.1669,3.5931429964571944,15.21,18.490967960088184
2.27942,-0.7612,1.1340952852576873,-6.3047,-5.517068998396655,8.2526,3.820433581995868,10.41,18.09677440105949
2.288738,-5.4862,0.811154051830483,-1.6619,-5.329011974084623,7.1363,3.982183163361923,9.15,17.66034638149561
2.298419,-8.8224,0.3412245858875325,1.0586,-5.017421146080495,3.1298,3.9406034968564634,9.42,17.258378265325092
2.309792,-11.014,-0.2126888085460057,2.9496,-4.6287859682229096,-0.8754,3.705676497009806,11.44,16.974554935309232
2.319925,-12.5434,-0.8141869154462005,5.3744,-4.140825677090085,-6.0843,3.2281166678873765,14.94,16.875308353099026
2.327058,-11.8981,-1.3548656024976053,6.8138,-3.606453692841788,-11.3255,2.5181841475026263,17.78,16.919439652947855
2.33607,-10.8914,-1.820062402375771,6.3388,-3.1213193663617007,-15.7557,1.6267751646976203,20.18,17.0784913771943
2.345722,-10.6126,-2.2489666754306112,6.1201,-2.6705184216611295,-19.3336,0.6043178395904192,22.89,17.361979602697016
2.355296,-9.5175,-2.603529276629118,5.9096,-2.251976059628879,-21.3803,-0.4681025428286256,24.14,17.692614744028866
2.370901,-8.8981,-2.9105815070374534,4.799,-1.9080260079396654,-21.5898,-1.4984292480564976,23.84,17.992487195539653
2.374816,-8.8189,-3.1987921652307483,3.4394,-1.6471759587718766,-20.8273,-2.4413009920537414,22.88,18.230902454293815
2.384794,-9.1028,-3.4867925474146144,2.3569,-1.4518551802951998,-18.9606,-3.247120455855998,21.16,18.373785261401434
2.394899,-9.5032,-3.7802758377846333,1.3647,-1.3144622446710437,-17.254,-3.93038287264351,19.75,18.440917687674535
2.412194,-10.0302,-4.085150187160993,-0.6077,-1.2799860376139196,-12.859,-4.365925171538948,16.32,18.337458288275776
2.421326,-9.5295,-4.350728226811676,-1.0319,-1.2678842796815333,-10.5008,-4.665187358293146,14.22,18.136606664457446
2.43083,-9.3871,-4.596404898674521,-1.0601,-1.2577484611604828,-8.6601,-4.8600611456934795,12.82,17.877259997898545
2.450317,-8.6072,-4.792053440202593,-1.7996,-1.2841802435428982,-6.9844,-4.963687431269407,11.23,17.5530034126352
2.450389,-7.0871,-4.904006930924417,-3.4065,-1.3877080365408057,-2.6709,-4.851844141939192,8.3,17.101637392506653
2.460447,-4.9813,-4.907777324537861,-6.8037,-1.6519027664656445,-2.4993,-4.73708589111289,8.79,16.696191666042914
2.46968,0.3558,-4.651017455048208,-10.2987,-2.0736977534673207,-0.2592,-4.518652433009822,10.31,16.384670121357892
2.478404,6.8964,-4.087728798704393,-14.0939,-2.6600490825664753,7.508,-3.9319864606678796,17.39,16.433710603242872
2.487657,14.1131,-3.1998834914505196,-17.4404,-3.3810418102461597,19.1028,-2.8083383406352995,29.47,17.069627159182243
2.497076,19.0758,-2.1132647845504944,-17.64,-4.076600746331713,31.1975,-1.1495169581652847,40.6,18.217450224587985
2.506553,20.8065,-0.9952274779870554,-17.7131,-4.741795831876507,40.5591,0.8850497227208269,48.91,19.714647774608082
2.523848,17.8749,-0.07473345467061354,-16.2707,-5.304181401053263,36.4009,2.617530224051518,43.7,20.884664956334518
2.525518,12.4662,0.5370193967767335,-12.8625,-5.672879869294567,26.3408,3.774762896049005,31.85,21.419559348708443
2.537636,7.3989,0.8717452798607953,-9.4503,-5.857144265914345,15.0227,4.323442754778322,19.23,21.312751575600714
2.555125,3.2998,0.9901869735261223,-6.4754,-5.887303082211206,7.1468,4.461167498447671,10.19,20.770178328010434
2.555407,-0.7704,0.9043046821346041,-2.8522,-5.739249273322854,1.165,4.300378839986809,3.18,19.91212084859529
2.573269,-9.3551,0.40384591715242824,7.6019,-5.0884615038924705,-8.7523,3.663662799011843,14.9,19.66762714866381
2.586622,-10.3541,-0.12093193246476347,10.0319,-4.350882893946496,-13.5067,2.826084125889314,19.76,19.67213314141192
2.591635,-9.8359,-0.5948328138079458,10.6475,-3.619254460095447,-17.0401,1.8570019734069083,22.37,19.803736402806457
2.602488,-8.3419,-0.9727385302075583,9.034,-3.002022535212742,-19.4803,0.8161579747041322,23.04,19.961602919742727
2.614288,-6.4023,-1.2375951872706041,6.6943,-2.529031192031632,-20.2769,-0.21277168259850854,22.29,20.07518326512113
2.62009,-6.1113,-1.4753368854525257,4.938,-2.1647857680300895,-19.7203,-1.1643584297888254,21.23,20.131515788773758
2.629469,-7.2339,-1.7562424032353294,3.7982,-1.8739084134920363,-17.8831,-1.979906799067419,19.66,20.108515018589674
2.639065,-7.5182,-2.037313505516533,2.056,-1.6822055640534002,-14.767,-2.6036674430153495,16.7,19.94224599329262
2.648474,-7.1825,-2.2882982125645066,-0.1514,-1.6075321219044536,-10.5597,-2.991766592136552,12.77,19.59238033508322
2.666342,-4.8648,-2.4139812265857503,-2.0507,-1.6291500671774068,-5.0628,-3.09279261203233,7.31,18.99323983093282
2.667291,-1.9975,-2.3936650691913237,-4.9128,-1.789328112680948,-0.1497,-2.94922711876246,5.31,18.325764717228775
2.677383,2.1407,-2.1724765292307713,-7.2373,-2.055082838891633,0.8278,-2.764981893456974,7.59,17.802068877363958
2.687025,6.2947,-1.75944352780488,-8.413,-2.3652251394335044,7.6999,-2.254499849873707,13.03,17.569285029687666
2.696087,5.9034,-1.3856462825461051,-6.2778,-2.5560824497050407,9.5407,-1.679124247440843,12.86,17.33956380872729
2.705659,7.2867,-0.9626050004706854,-6.49,-2.7479808667925996,19.5075,-0.6456303817120213,21.81,17.557633866838152
2.715368,6.5905,-0.5941608541062617,-4.7781,-2.8470110684124728,27.3404,0.7195418320300285,28.53,18.09287123918751
2.733019,5.7601,-0.2841969100035172,-3.387,-2.873351991904547,22.7227,1.7928666207114905,23.68,18.365414105568608
2.744633,5.2857,-0.012494621710662679,-3.6356,-2.9105348215677393,-0.1441,1.6983804440914176,6.42,17.782710978467698
2.754795,3.4237,0.15512462812888186,-2.1775,-2.8747770253937035,-5.8893,1.3282496907211045,7.15,17.26404215024976
2.762529,1.4847,0.21998196334210712,-0.0383,-2.736412292447669,-7.5346,0.8959155594664165,7.68,16.796527899018066
2.771655,0.0173,0.2100950383010287,1.5866,-2.5255336440355873,-7.6426,0.4794026053461035,7.81,16.35816068443182
2.781281,-0.8908,0.1563928413107346,2.7135,-2.269971027253363,-7.519,0.08923662459751308,8.04,15.952396748605876
2.790242,-1.4204,0.07947611734435729,3.1763,-2.0042992698263697,-6.5578,-0.23500906440724373,7.42,15.536182273064124
2.807663,-1.1067,0.02161386771780327,2.6997,-1.7748358908104491,-3.9922,-0.4182866710215245,4.94,15.019295332914654
2.80921,-0.1042,0.015476605877910428,1.4869,-1.6157268229660369,-2.4019,-0.5150482968253526,2.83,14.424695560577353
2.819461,0.7289,0.05027774705459772,0.5346,-1.51083283160184,-0.9813,-0.537792282346067,1.33,13.785929923476019
2.829102,1.6027,0.12600566183242223,-0.5955,-1.4661824495724818,0.2723,-0.4982755856462589,1.73,13.19783578086743
2.838285,2.5977,0.2465761173527919,-1.53,-1.4692955008128485,1.0295,-0.4237499473220511,3.19,12.709648669605604
2.847419,3.4128,0.40102606284777764,-1.9888,-1.4946371837000265,2.1214,-0.2995962913551218,4.48,12.308202393039476
2.856753,3.4771,0.5510784500259348,-2.0072,-1.5196402479097812,3.2901,-0.12448915519145726,5.19,11.96097300801316
2.872406,3.2651,0.6834697451466208,-1.7654,-1.531628528499548,3.8836,0.0710273889642236,5.37,11.639462129573493
2.875924,2.5999,0.7769541478223955,-1.3843,-1.524441771011765,3.8253,0.254162638283042,4.83,11.307293245204054
2.886001,1.8832,0.8309173601237421,-0.7615,-1.4872250992550935,2.856,0.3810815339765521,3.5,10.92644967226727
2.896369,1.3443,0.855960415727462,-0.2829,-1.4284775334377717,1.4171,0.4316190201240373,1.97,10.48954968825423
2.904262,1.1176,0.8687233222773418,-0.0243,-1.3599810683920266,-0.2058,0.40052540938627934,1.14,10.033474093705243
2.922798,1.1766,0.8837416968003983,0.0545,-1.2909819918850984,-2.0047,0.2831973406357291,2.33,9.657694869622059
2.932225,1.1644,0.8974323457369642,0.0501,-1.2255633581346057,-2.0746,0.168182836214474,2.38,9.302685363786836
2.94701,1.0649,0.9056014996034536,0.1111,-1.160360267493893,-1.6956,0.07726660030157281,2.01,8.946944614333818
2.951204,0.711,0.8961087435252364,0.2263,-1.0927183032258982,-1.2167,0.014146278335642429,1.43,8.580264389244363
2.961053,0.5175,0.8776400243288834,0.2443,-1.0274978981904885,-0.606,-0.016104759631949885,0.83,8.202202711720247
2.971258,0.6018,0.864184413386011,0.0707,-0.9739272690104647,0.1265,-0.009148429893805987,0.62,7.832339164807064
2.980137,0.813,0.8616876127330348,-0.1221,-0.932374719302637,0.6983,0.025361249613208944,1.08,7.502956766523792
2.989197,0.7289,0.8552101682094722,-0.2738,-0.9002491232390937,1.0262,0.0741826520711012,1.29,7.199885704742143
2.998421,0.8853,0.8566779648821807,-0.2942,-0.8706857513737719,0.9794,0.11833959587251089,1.35,6.9145254264620375
3.015612,1.1047,0.8687766007415865,-0.2912,-0.842418153745783,1.1594,0.1691230302201933,1.63,6.656743698341938
3.01727,0.9519,0.8728314007054114,-0.2273,-0.8124123901484277,0.5019,0.1853560531362814,1.1,6.385683030130136
3.027999,1.3708,0.8971225518905133,-0.5106,-0.7976898345314312,0.9404,0.222187465178414,1.74,6.159064345733544
3.037358,1.2403,0.9138629152129272,-0.3795,-0.7772903304079467,0.3639,0.22910027175507675,1.35,5.9244758410636145
3.070142,1.4124,0.9381817973976624,-0.507,-0.7641054362417053,0.6914,0.2516514780109267,1.65,5.715964824426364
